uf;mrt;mercado;nivel;uso;vti_min;vti_mediano;vti_max;vtn_min;vtn_mediano;vtn_max;inconsistencia_na_fonte
MS;1;Dourados;Primeiro;Agrícola: Grãos Diversos;86118.00;101315.00;116513.00;83606.00;98360.00;113113.00;
MS;2;Três Lagoas;Primeiro;Exploração Mista: Pecuária e Floresta Plantada;23162.00;27249.00;31337.00;20542.00;24167.00;27793.00;
MS;2;Três Lagoas;Primeiro;Floresta Plantada: Silvicultura;23688.00;27868.00;32049.00;23688.00;27868.00;32049.00;
MS;2;Três Lagoas;Primeiro;Pecuária: Pastagem Formada;23503.00;27651.00;31800.00;21658.00;25480.00;29302.00;
MS;2;Três Lagoas;Segundo;Pecuária: Pastagem Formada de Baixa Capacidade;20410.00;24012.00;27614.00;19712.00;23191.00;26670.00;
MS;2;Três Lagoas;Segundo;Pecuária: Pastagem Formada de Média Capacidade;24007.00;28243.00;32480.00;22488.00;26456.00;30245.00;
MS;2;Três Lagoas;Segundo;Pecuária: Pastagem Formada de Alta Capacidade;29592.00;34814.00;40036.00;27098.00;31880.00;36662.00;
MS;3;Campo Grande;Primeiro;Agrícola: Grãos Diversos;39957.00;47008.00;54060.00;37300.00;43883.00;50465.00;
MS;3;Campo Grande;Primeiro;Pecuária: Pastagem Formada;31362.00;36896.00;42431.00;41352.00;48650.00;55947.00;VTN mediano maior que VTI mediano
MS;3;Campo Grande;Primeiro;Exploração Mista: Grãos Diversos e Pecuária;34950.00;41118.00;47286.00;33457.00;39362.00;45266.00;
MS;3;Campo Grande;Segundo;Agrícola: Grãos Diversos de Baixa Capacidade;22695.00;26700.00;30705.00;21183.00;24921.00;28695.00;
MS;3;Campo Grande;Segundo;Agrícola: Grãos Diversos de Média Capacidade;43617.00;51314.00;59011.00;41786.00;49160.00;56534.00;
MS;3;Campo Grande;Segundo;Agrícola: Grãos Diversos de Alta Capacidade;107737.00;126750.00;145762.00;103689.00;121987.00;140286.00;
MS;3;Campo Grande;Segundo;Pecuária: Pastagem Formada de Baixa Capacidade;26000.00;30589.00;35177.00;22527.00;26503.00;30478.00;
MS;3;Campo Grande;Segundo;Pecuária: Pastagem Formada de Média Capacidade;30567.00;35962.00;41356.00;27455.00;32300.00;37145.00;
MS;3;Campo Grande;Segundo;Pecuária: Pastagem Formada de Alta Capacidade;49175.00;57852.00;66530.00;41798.00;49175.00;56551.00;
MS;4;Coxim;Primeiro;Agrícola: Grãos Diversos;42615.00;50135.00;57656.00;36987.00;43514.00;50042.00;
MS;4;Coxim;Primeiro;Pecuária: Pastagem Formada;17283.00;20333.00;23383.00;15641.00;18400.00;21160.00;
MS;4;Coxim;Segundo;Pecuária: Pastagem Formada de Baixa Capacidade;14733.00;17333.00;19933.00;13492.00;15827.00;18254.00;
MS;4;Coxim;Segundo;Pecuária: Pastagem Formada de Média Capacidade;18472.00;21731.00;24990.00;16552.00;19473.00;22394.00;
MS;5;Chapadão do Sul;Primeiro;Agrícola: Grãos Diversos;85083.00;100097.00;115112.00;80357.00;94538.00;108718.00;
MS;5;Chapadão do Sul;Primeiro;Agrícola: Cana-de-açúcar;36315.00;42723.00;49131.00;35480.00;41472.00;48003.00;
MS;5;Chapadão do Sul;Primeiro;Pecuária: Pastagem Formada;26201.00;30825.00;35449.00;24337.00;28632.00;32927.00;
MS;5;Chapadão do Sul;Segundo;Agrícola: Grãos Diversos de Média Capacidade;55836.00;65689.00;75542.00;54337.00;63926.00;73515.00;
MS;5;Chapadão do Sul;Segundo;Agrícola: Grãos Diversos de Alta Capacidade;96584.00;113629.00;130673.00;91995.00;108230.00;124464.00;
MS;5;Chapadão do Sul;Segundo;Pecuária: Pastagem Formada de Baixa Capacidade;20035.00;23570.00;27105.00;18769.00;22081.00;25393.00;
MS;5;Chapadão do Sul;Segundo;Pecuária: Pastagem Formada de Média Capacidade;26317.00;30961.00;35605.00;24517.00;28844.00;33170.00;
MS;5;Chapadão do Sul;Segundo;Pecuária: Pastagem Formada de Alta Capacidade;33000.00;37763.00;43428.00;29485.00;34689.00;39892.00;
MS;5;Chapadão do Sul;Terceiro;Agrícola: Grãos Diversos de Alta Capacidade em Chapadão do Sul e Região do Baús;97331.00;114507.00;131683.00;92744.00;109111.00;125477.00;
MS;6;Paranaíba;Primeiro;Pecuária: Pastagem Formada;26116.00;30725.00;35333.00;23419.00;27552.00;31685.00;
MS;6;Paranaíba;Segundo;Pecuária: Pastagem Formada de Média Capacidade;23568.00;27727.00;31886.00;21348.00;25115.00;28882.00;
MS;6;Paranaíba;Segundo;Pecuária: Pastagem Formada de Alta Capacidade;29939.00;35222.00;40506.00;26527.00;31208.00;35890.00;
MS;7;Sidrolândia;Primeiro;Agrícola: Grãos Diversos;56053.00;65945.00;75838.00;55137.00;64867.00;74598.00;
MS;7;Sidrolândia;Primeiro;Pecuária: Pastagem Formada;43381.00;51036.00;58692.41;39806.00;46831.00;53855.00;
MS;7;Sidrolândia;Segundo;Agrícola: Grãos Diversos de Alta Capacidade;67947.00;79937.00;91927.00;61170.00;71965.00;82760.00;
MS;7;Sidrolândia;Segundo;Pecuária: Pastagem Formada de Média Capacidade;29885.00;35159.00;40433.00;28715.00;33782.00;38850.00;
MS;7;Sidrolândia;Segundo;Pecuária: Pastagem Formada de Alta Capacidade;48442.00;56990.00;65539.00;43965.00;51724.00;59483.00;
MS;8;Maracaju;Primeiro;Agrícola: Grãos Diversos;72929.00;85800.00;98668.00;71414.00;84017.00;96619.00;
MS;8;Maracaju;Segundo;Agrícola: Grãos Diversos de Alta Capacidade;84619.00;99551.00;114485.00;83566.00;98313.00;113060.00;
MS;8;Maracaju;Segundo;Agrícola: Grãos Diversos de Média Capacidade;59778.00;70327.00;80876.00;57744.00;67934.00;78124.00;
MS;9;Corumbá;Primeiro;Pecuária: Pastagem Formada/Nativa;10876.00;12795.00;14715.00;10493.00;12345.00;14197.00;
MS;9;Corumbá;Segundo;Pecuária: Pastagem Formada de Baixa Capacidade;13727.00;16150.00;18573.00;13216.00;15548.00;17881.00;
MS;9;Corumbá;Segundo;Pecuária: Pastagem Formada de Média Capacidade;20673.00;24321.00;27969.00;23157.00;19683.00;26630.00;VTN fora de ordem
MS;9;Corumbá;Segundo;Pecuária: Pastagem Formada/Nativa - Pantanal;3505.00;4124.00;4743.00;3971.00;3375.00;4566.00;VTN fora de ordem
MS;10;Naviraí;Primeiro;Agrícola: Grãos Diversos;73956.00;87007.00;100058.00;72665.00;85488.00;98312.00;
MS;10;Naviraí;Primeiro;Pecuária: Pastagem Formada;30514.00;35900.00;41284.00;26193.00;30815.00;35437.00;
MS;10;Naviraí;Segundo;Agrícola: Grãos Diversos de Média Capacidade;35033.00;41215.00;47398.00;34084.00;40098.00;46113.00;
MS;10;Naviraí;Segundo;Agrícola: Grãos Diversos de Alta Capacidade;88082.00;103626.00;119169.00;85444.00;100523.00;115602.00;
MS;11;Nova Andradina;Primeiro;Agrícola: Grãos Diversos;45056.00;53007.00;60958.00;43206.00;50831.00;58455.00;
MS;11;Nova Andradina;Primeiro;Pecuária: Pastagem Formada;32000.00;37647.00;43294.00;29600.00;34824.00;40047.00;
MS;11;Nova Andradina;Segundo;Pecuária: Pastagem Formada de Baixa Capacidade;22641.00;26636.00;30632.00;21443.00;25228.00;29012.00;
MS;11;Nova Andradina;Segundo;Pecuária: Pastagem Formada de Média Capacidade;34433.00;40510.00;46585.00;31755.00;37359.00;42963.00;
MS;11;Nova Andradina;Segundo;Pecuária: Pastagem Formada de Alta Capacidade;39488.00;46457.00;53426.00;36015.00;42370.00;48726.00;
MS;11;Nova Andradina;Terceiro;Pecuária: Pastagem Formada de Média Capacidade em Anaurilândia/Bataguassu e Nova Andradina;34865.00;41017.00;47170.00;32000.00;37646.00;43292.00;
MS;11;Nova Andradina;Terceiro;Pecuária: Pastagem Formada de Alta Capacidade em Anaurilândia, Bataguassu e Nova Andradina;38955.00;45830.00;52704.00;35039.00;41223.00;47407.00;
MS;11;Nova Andradina;Terceiro;Pecuária: Pastagem Formada de Baixa Capacidade em Taquarussu e Batayporã;21600.00;25412.00;29224.00;20167.00;23726.00;17285.00;VTN fora de ordem
MS;11;Nova Andradina;Terceiro;Pecuária: Pastagem Formada de Média Capacidade em Taquarussu e Batayporã;32705.00;38476.00;44274.00;30800.00;36211.00;41642.00;
MS;12;Ivinhema;Primeiro;Agrícola: Grãos Diversos;40237.00;47338.00;54440.00;39635.00;46635.00;53630.00;
MS;12;Ivinhema;Primeiro;Agrícola: Cana-de-açúcar;43064.00;50663.00;58262.00;42458.00;49951.00;57443.00;
MS;12;Ivinhema;Primeiro;Pecuária: Pastagem Formada;43249.00;50881.00;58513.00;37902.00;44591.00;51280.00;
MS;12;Ivinhema;Segundo;Agrícola: Grãos Diversos de Média Capacidade;36380.00;42800.00;49220.00;35611.00;41895.00;48180.00;
MS;12;Ivinhema;Segundo;Agrícola: Grãos Diversos de Alta Capacidade;68562.00;80661.00;92760.00;68110.00;80130.00;92150.00;
MS;12;Ivinhema;Segundo;Pecuária: Pastagem Formada de Média Capacidade;42765.00;50312.00;57858.00;37617.00;44256.00;50895.00;
MS;13;Aquidauana;Primeiro;Pecuária: Pastagem Formada/Nativa;16064.00;18900.00;21734.00;15323.00;18027.00;20731.00;
MS;13;Aquidauana;Segundo;Pecuária: Pastagem Formada de Baixa Capacidade;12304.00;14475.00;16647.00;11841.00;13930.00;16020.00;
MS;13;Aquidauana;Segundo;Pecuária: Pastagem Formada de Média Capacidade;18953.00;22298.00;25642.00;17950.00;21117.00;24284.00;
MS;14;Jardim;Primeiro;Agrícola: Grãos Diversos;41821.00;49201.00;56851.00;40433.00;47568.00;54703.00;
MS;14;Jardim;Primeiro;Pecuária: Pastagem Formada;24869.00;29258.00;33647.00;23634.00;27487.00;31610.00;
MS;14;Jardim;Segundo;Pecuária: Pastagem Formada de Baixa Capacidade;15289.00;17987.00;20685.00;14802.00;17415.00;20028.00;
MS;14;Jardim;Segundo;Pecuária: Pastagem Formada de Média Capacidade;28393.00;33392.00;38400.00;14803.00;17415.00;20027.00;
MS;15;Iguatemi;Primeiro;Agrícola: Grãos Diversos;47006.00;55301.00;63597.00;46107.00;54244.00;62380.00;
MS;15;Iguatemi;Primeiro;Pecuária: Pastagem Formada;46209.00;54364.00;62518.00;40090.00;47165.00;54240.00;
MS;15;Iguatemi;Segundo;Agrícola: Grãos Diversos de Média Capacidade;43412.00;51073.00;58733.00;42333.00;49804.00;57274.00;
MS;15;Iguatemi;Segundo;Agrícola: Grãos Diversos de Alta Capacidade;103765.00;122076.00;140385.00;101603.00;119533.00;137463.00;
MS;15;Iguatemi;Segundo;Pecuária: Pastagem Formada de Média Capacidade;45854.00;53946.00;62038.00;39447.00;46408.00;53369.00;
MS;15;Iguatemi;Segundo;Pecuária: Pastagem Formada de Alta Capacidade;59828.00;63347.00;80943.00;53845.00;63347.00;72849.00;
